collection,industry,case_id,subject,scene,size,prompt_extend,thinking_mode,negative_prompt,prompt,reference_image,reference_url,tags
Design,Design,DSG-01,RedNote travel cover,Culture tourism poster for Dali,2048*2048,true,true,"extra title, extra text, small text, misspelled Chinese, gibberish text, fake characters, watermark, logo, cluttered layout, low contrast, real brand","Create a clean RedNote-style travel cover poster for an original lakeside old town. Square mobile cover, warm lake-and-mountain travel collage, old street, map sticker, soft sunlight. Use only two crisp Chinese text lines: title ????? and subtitle ?????. No other text, no small map text, no fake characters. Premium social media layout.",,,Design; RedNote; Travel; Chinese text; Poster; Social cover; Reviewed
Design,Design,DSG-02,RedNote city walk cover,Shanghai city walk note cover,2048*2048,true,true,"misspelled Chinese, gibberish text, extra text, watermark, logo, cluttered layout, low contrast, fake signage","Create a RedNote travel note cover for a Shanghai city walk. Square cover, editorial street photo collage with plane-tree shadows, old lane architecture, coffee cup, metro line motif, red bookmark sticker aesthetic. Use crisp readable headline exactly: 上海CITY WALK. Use smaller subtitle exactly: 一日路线. No other text. Modern warm lifestyle design, clear mobile readability.",,,Design; RedNote; City walk; Chinese text; Poster; Social cover; Reviewed
Design,Design,DSG-03,YouTube tutorial thumbnail,AI editing tutorial thumbnail,2048*2048,true,true,"misspelled English, gibberish text, extra text, tiny text, watermark, logo, clutter, low contrast, distorted face","Create a high-click YouTube tutorial thumbnail. 16:9 composition inside a square canvas with safe margins, high contrast blue and yellow, one expressive creator face on the left, laptop editing timeline on the right, bold arrow and glow effects. Add big crisp readable text exactly: AI EDITING. Add small badge text exactly: 5 STEPS. No other text. Mobile-readable, professional thumbnail design.",,,Design; YouTube; Tutorial thumbnail; English text; High contrast; Reviewed
Design,Design,DSG-04,YouTube tutorial thumbnail,Coding app tutorial thumbnail,2048*2048,true,true,"misspelled English, gibberish text, extra text, tiny text, watermark, logo, clutter, low contrast, distorted hands","Create a modern YouTube coding tutorial thumbnail. Dark interface background, bright green code window, smartphone app mockup, confident developer portrait, strong orange highlight shape. Add big crisp readable text exactly: BUILD APP. Add small badge exactly: 2026. No other text. High contrast, bold typography, clear focal point, 16:9 thumbnail framed in square canvas.",,,Design; YouTube; Coding tutorial; English text; Thumbnail; Reviewed
Design,Design,DSG-05,Podcast cover,Minimal technology podcast cover,2048*2048,true,true,"misspelled English, gibberish text, extra text, tiny text, watermark, logo, clutter, low contrast","Create a square podcast cover art design for a fictional technology show. Premium minimal composition, deep midnight background, subtle waveform sculpture, cyan and silver accent light, clean sans-serif typography. Add crisp readable title exactly: QUIET SIGNAL. Add smaller host line exactly: with Mira Chen. No other text. Must remain readable at small size.",,,Design; Podcast cover; English text; Audio; Minimal; Reviewed
Design,Design,DSG-06,Podcast cover,Chinese design podcast cover,2048*2048,true,true,"misspelled Chinese, gibberish text, extra text, tiny text, watermark, logo, clutter, low contrast","Create a square podcast cover for a Chinese design podcast. Warm paper texture, abstract chair silhouette, microphone line art, refined editorial layout. Add crisp readable Chinese title exactly: 设计夜谈. Add smaller subtitle exactly: Design Talks. No other text. Elegant, readable at small size, high contrast typography.",,,Design; Podcast cover; Chinese text; Audio; Editorial; Reviewed
Design,Design,DSG-07,Web3 social avatar,Cyberpunk PFP avatar,2048*2048,true,true,"text, letters, watermark, logo, distorted face, extra eyes, broken glasses, low quality, ugly composition","Create a Web3 social profile avatar for a fictional community. Square PFP, centered stylized 3D character bust, diverse young woman with chrome visor, holographic jacket, neon teal and magenta rim light, simple geometric background, collectible avatar style with clean silhouette. No text, no logos, no watermark. Must work as a small circular profile picture.",,,Design; Web3; PFP; Avatar; Social identity; No text; Reviewed
Design,Design,DSG-08,Web3 social avatar,Generative trait avatar set,2048*2048,true,true,"text, letters, watermark, logo, distorted faces, extra eyes, inconsistent style, low quality","Create a square Web3 avatar collection preview with four original PFP characters in a 2 by 2 grid, same illustration style, each with different traits: robotic headphones, pixel halo, neon jacket, crystal glasses. Clean backgrounds, strong silhouettes, consistent lighting, no text, no logos, no watermark. Professional collectible social avatar showcase.",,,Design; Web3; PFP; Trait system; Avatar; No text; Reviewed
Design,Design,DSG-09,K-pop support screen,Idol birthday LED billboard,2048*2048,true,true,"misspelled English, gibberish text, extra text, watermark, real idol, real group logo, distorted face, low contrast","Create a K-pop fan support LED billboard design for a fictional idol, not a real person. Wide stage screen layout inside square canvas, glamorous portrait of an original idol, pink and silver light beams, floating hearts, concert LED texture. Add crisp readable text exactly: HAPPY LINA DAY. Add smaller text exactly: FAN SUPPORT. No other text. Premium arena-screen design.",,,Design; K-pop; Fan support; LED billboard; English text; Reviewed
Design,Design,DSG-10,K-pop support screen,Comeback cheering screen,2048*2048,true,true,"misspelled English, gibberish text, extra text, watermark, real idol, real group logo, distorted face, low contrast","Create a K-pop comeback cheering screen for a fictional performer. Giant outdoor LED display mockup at night, purple laser background, original idol silhouette, lightstick glow, dynamic stage typography. Add crisp readable headline exactly: STAGE QUEEN. Add smaller line exactly: COMEBACK NIGHT. No other text. Bold, readable from distance, polished fan-campaign aesthetic.",,,Design; K-pop; Fan support; LED screen; English text; Reviewed
Design,Design,DSG-11,Corporate logo and slogan,Technology brand logo lockup,2048*2048,true,true,"Chinese text, extra text, misspelled English, gibberish text, complex logo, watermark, low contrast, fake brand clutter","Create a corporate logo and slogan board for a fictional technology consulting brand. Minimal geometric north-star icon, black and electric-blue palette, generous white space. Use only two text lines: NOVA and Build Clear Futures. No Chinese text, no extra captions, no proposal-board text, no tiny notes. Professional scalable brand identity.",,,Design; Corporate logo; Slogan; English text; Brand identity; Reviewed
Design,Design,DSG-12,Corporate logo and slogan,Creative studio logo lockup,2048*2048,true,true,"misspelled English, gibberish text, extra text, complex logo, watermark, low contrast, fake brand clutter","Create a logo lockup presentation for a fictional creative studio. Minimal circular monogram mark, soft black ink and warm red accent, white presentation board, grid alignment lines very faint. Add crisp readable brand name exactly: MIRU. Add slogan exactly: Design for Tomorrow. No other text. Elegant, scalable, premium brand identity.",,,Design; Corporate logo; Slogan; English text; Studio brand; Reviewed
Design,Design,DSG-13,App UI UX,Fintech mobile app dashboard,2048*2048,true,true,"misspelled UI text, gibberish text, extra text, impossible layout, broken icons, watermark, logo, low contrast","Create a realistic mobile app UI/UX presentation for a fictional fintech app. Show three iPhone-style screens on a neutral background: dashboard, spending chart, transfer confirmation. Clean cards, bottom navigation, accessible contrast, modern design system. Use crisp readable UI labels only: Balance, Spending, Transfer, Send, Done. No other text. Professional product design mockup.",,,Design; App UI UX; Fintech; English UI text; Mobile screens; Reviewed
Design,Design,DSG-14,App UI UX,Wellness app onboarding,2048*2048,true,true,"misspelled UI text, gibberish text, extra text, impossible layout, broken icons, watermark, logo, low contrast","Create a realistic mobile wellness app UI/UX mockup. Three rounded smartphone screens: onboarding breathing exercise, daily habit tracker, calm audio player. Soft green and lavender palette, large touch targets, clean spacing, modern accessibility. Use crisp readable UI labels only: Breathe, Start, Today, Sleep, Calm. No other text. Polished product presentation.",,,Design; App UI UX; Wellness; English UI text; Mobile screens; Reviewed
Design,Design,DSG-15,App logo,Wellness app icon,2048*2048,true,true,"text, letters, numbers, 1024, caption, watermark, logo mockup text, overly complex details, low contrast, ugly icon","Create a premium app logo icon for a fictional wellness app. Square 1024-style icon on a solid calm green background, simple recognizable leaf and pulse-line symbol, crisp vector-like edges, subtle depth. Absolutely no text, no letters, no numbers, no captions, no UI labels, no watermark. Icon only.",,,Design; App logo; Icon; No text; Wellness; Reviewed
Design,Design,DSG-16,App logo,Finance app icon,2048*2048,true,true,"text, letters, watermark, logo mockup text, overly complex details, low contrast, ugly icon","Create a premium app logo icon for a fictional personal finance app. Square icon on solid deep-blue background, simple geometric orbit coin symbol, gold accent, crisp vector-like edges, subtle dimensional lighting, no text, no letters, no transparency, no rounded-corner mask baked in. Scalable and memorable.",,,Design; App logo; Icon; No text; Finance; Reviewed
Design,Design,DSG-17,Event poster,Design conference poster,2048*2048,true,true,"misspelled English, gibberish text, extra text, tiny text, watermark, logo, cluttered layout, low contrast","Create a modern design conference poster. Abstract grid, kinetic typography, bold black and neon orange on warm white, gallery-grade Swiss poster influence. Add crisp readable title exactly: DESIGN NOW. Add date line exactly: 2026. No other text. Strong hierarchy, print-ready composition, high aesthetic quality.",,,Design; Event poster; English text; Typography; Reviewed
Design,Design,DSG-18,Social media brand kit,Brand kit carousel cover,2048*2048,true,true,"alphabet, numbers, fake glyphs, extra text, misspelled English, gibberish text, tiny text, watermark, logo, cluttered layout, low contrast","Create a clean social media carousel cover for a brand designer. Editorial layout with color swatches, logo sketch cards, and a neat grid. Use only two crisp text lines: BRAND KIT and Visual System. No alphabet samples, no numbers, no fake glyphs, no extra captions, no small text. High-end design studio aesthetic.",,,Design; Brand kit; Social cover; English text; Carousel; Reviewed
