collection,industry,case_id,subject,scene,size,prompt_extend,thinking_mode,negative_prompt,prompt,reference_image,reference_url,model_reference_url,source_url,notes,tags
Fashion,Fashion,FSH-01,Size-inclusive e-commerce try-on,"Same linen blazer on petite East Asian model, front catalog view",2048*2048,true,true,"low quality, distorted hands, distorted face, extra fingers, fused fingers, warped clothing, fake plastic skin, unreadable text, logos, watermark, brand name, unrealistic body proportions","Photorealistic fashion e-commerce try-on image using the reference blazer as the garment inspiration. A petite East Asian woman, about 155 cm, slim build, neutral expression, standing straight in a clean light-gray studio, full body front view, wearing a cream linen single-breasted blazer over a plain white tee and straight dark denim. Accurate garment fit at shoulders and cuffs, natural fabric wrinkles, realistic skin texture, calibrated color, softbox lighting, 70mm lens, no text, no logos.",https://images.weserv.nl/?url=upload.wikimedia.org/wikipedia/commons/8/8d/Blazer.JPG,,https://images.weserv.nl/?url=upload.wikimedia.org/wikipedia/commons/8/8d/Blazer.JPG,https://commons.wikimedia.org/wiki/File:Blazer.JPG,Same garment test for petite model.,Fashion; Try-on; E-commerce; Same garment; East Asian; Petite; Womenswear; Front view; Reference
Fashion,Fashion,FSH-02,Size-inclusive e-commerce try-on,"Same linen blazer on Black plus-size model, three-quarter catalog view",2048*2048,true,true,"low quality, distorted hands, distorted face, extra fingers, fused fingers, warped clothing, fake plastic skin, unreadable text, logos, watermark, brand name, unrealistic body proportions","Photorealistic fashion e-commerce try-on image using the reference blazer as garment inspiration. A Black woman, plus-size curvy build, medium-dark skin tone, relaxed confident posture, clean light-gray studio, full body 45-degree three-quarter view, wearing a cream linen single-breasted blazer over a black tank top and tailored black trousers. Show realistic blazer drape over bust and hips, accurate seams, natural hands, soft shadows, true-to-life fabric texture, no text, no logos.",https://images.weserv.nl/?url=upload.wikimedia.org/wikipedia/commons/8/8d/Blazer.JPG,,https://images.weserv.nl/?url=upload.wikimedia.org/wikipedia/commons/8/8d/Blazer.JPG,https://commons.wikimedia.org/wiki/File:Blazer.JPG,Same garment test for inclusive sizing.,Fashion; Try-on; E-commerce; Same garment; Black model; Plus-size; Womenswear; Three-quarter view; Reference
Fashion,Fashion,FSH-03,Size-inclusive e-commerce try-on,"Same linen blazer on tall South Asian male model, side fit view",2048*2048,true,true,"low quality, distorted hands, distorted face, extra fingers, fused fingers, warped clothing, fake plastic skin, unreadable text, logos, watermark, brand name, unrealistic body proportions","Photorealistic fashion e-commerce try-on image using the reference blazer as a unisex garment inspiration. A tall South Asian man, about 188 cm, lean build, warm brown skin tone, standing in a clean light-gray studio, full body side profile with face slightly turned to camera, wearing a cream linen blazer over a light blue shirt and relaxed navy trousers. Accurate shoulder line, sleeve length, lapel structure, realistic fabric tension, commercial catalog lighting, no text, no logos.",https://images.weserv.nl/?url=upload.wikimedia.org/wikipedia/commons/8/8d/Blazer.JPG,,https://images.weserv.nl/?url=upload.wikimedia.org/wikipedia/commons/8/8d/Blazer.JPG,https://commons.wikimedia.org/wiki/File:Blazer.JPG,Same garment test for menswear/unisex fit.,Fashion; Try-on; E-commerce; Same garment; South Asian; Menswear; Tall; Side view; Reference
Fashion,Fashion,FSH-04,Size-inclusive e-commerce try-on,"Same navy blazer on older white model, back detail view",2048*2048,true,true,"low quality, distorted hands, distorted face, extra fingers, fused fingers, warped clothing, fake plastic skin, unreadable text, logos, watermark, brand name, unrealistic body proportions","Photorealistic e-commerce fit image using the reference navy blazer as garment inspiration. An older white woman in her early 60s, average height, natural silver hair, average build, clean light-gray studio, full body back view with head turned slightly toward camera, wearing a navy blazer with ivory knit top and straight gray trousers. Emphasize back seam alignment, shoulder fit, hem length, realistic wool texture, natural posture, no text, no logos.",https://images.weserv.nl/?url=upload.wikimedia.org/wikipedia/commons/4/40/Navy_Blazer_%2851011161195%29.jpg,,https://images.weserv.nl/?url=upload.wikimedia.org/wikipedia/commons/4/40/Navy_Blazer_%2851011161195%29.jpg,https://commons.wikimedia.org/wiki/File:Navy_Blazer_(51011161195).jpg,Older model and back detail test.,Fashion; Try-on; E-commerce; Same garment; Older model; Womenswear; Back view; Reference
Fashion,Fashion,FSH-05,Daily outfit matrix,Same model wearing three different everyday outfits,2048*2048,true,true,"low quality, inconsistent anatomy, duplicate limbs, distorted hands, unreadable text, logos, watermark, brand name, fake plastic skin, warped clothing","Create a photorealistic fashion e-commerce outfit matrix with one consistent Latina model, medium tan skin tone, shoulder-length dark hair, average height and athletic build, shown in three adjacent full-body studio panels on the same light-gray background. Panel 1: white button shirt with straight jeans. Panel 2: oatmeal knit sweater with wide-leg trousers. Panel 3: black slip dress with cropped denim jacket. Natural fabric drape, catalog lighting, no text, no logos, consistent identity and proportions across panels.",,,,,Same person different outfit test.,Fashion; Try-on; E-commerce; Same model; Latina; Womenswear; Outfit matrix; Multi-panel
Fashion,Fashion,FSH-06,Daily trouser fit matrix,Same model wearing different pants silhouettes,2048*2048,true,true,"low quality, inconsistent anatomy, duplicate limbs, distorted hands, unreadable text, logos, watermark, brand name, fake plastic skin, warped clothing","Create a photorealistic fashion e-commerce pants fit matrix with one consistent Black male model, medium-dark skin tone, short hair, average height, athletic build, shown in four adjacent full-body studio panels on a light-gray background. Each panel uses the same plain white tee and different pants: slim black chinos, relaxed blue denim, pleated olive trousers, wide-leg charcoal wool pants. Accurate waist fit, hem break, realistic fabric folds, natural stance, clean catalog lighting, no text, no logos.",,,,,Same person different pants silhouettes.,Fashion; Try-on; E-commerce; Same model; Black model; Menswear; Pants; Multi-panel
Fashion,Fashion,FSH-07,Body diversity denim try-on,Same denim styling on mixed body types,2048*2048,true,true,"low quality, distorted hands, distorted face, duplicate limbs, fake plastic skin, unrealistic body proportions, logos, watermark, unreadable text","Photorealistic e-commerce denim try-on set with four diverse adult models standing side by side in one clean studio image, evenly spaced and realistically scaled: a short East Asian woman, a tall Black woman, a plus-size white man, and a slim Middle Eastern woman wearing a hijab. Each wears the same indigo straight-leg jeans with simple neutral tops. Front view, accurate jean fit differences at waist, hips, thighs, and hem, soft studio lighting, no logos, no text.",,,,,Inclusive body and modest-fashion denim test.,Fashion; Try-on; E-commerce; Body diversity; Denim; Modest fashion; Multi-model; Front view
Fashion,Fashion,FSH-08,Streetwear try-on,Urban casual outfit for Southeast Asian market,2048*2048,true,true,"low quality, distorted hands, fake skin, warped clothing, logos, watermark, unreadable text, exaggerated cartoon style","Photorealistic streetwear lookbook shot for Southeast Asian urban consumers. A Thai male model with medium tan skin tone, compact athletic build, standing on a shaded Bangkok side street after light rain, wearing an oversized charcoal utility overshirt, white tee, cropped black cargo pants, and clean sneakers. Natural humid light, realistic pavement reflections, candid 35mm lens, commercial fashion styling, no brand logos, no text.",,,,,Country-market streetwear scenario.,Fashion; Try-on; Streetwear; Southeast Asia; Menswear; Lookbook; Location
Fashion,Fashion,FSH-09,Runway design,Accra-inspired modern runway couture,2048*2048,true,true,"low quality, distorted hands, distorted face, extra limbs, unreadable text, logos, watermark, copied designer brand, unrealistic fabric physics","Photorealistic runway fashion image inspired by contemporary West African design, not copying any brand. A Black female model walking a long runway, wearing a sculptural indigo and gold haute-couture gown with structured shoulders, handwoven-textile inspired surface detail, and controlled volume. Audience dimmed, runway brighter than the crowd, accurate spotlight falloff, fabric movement frozen mid-step, editorial camera at runway end, no text, no logos.",https://images.weserv.nl/?url=upload.wikimedia.org/wikipedia/commons/9/9f/Fashion_runway5.jpg,,https://images.weserv.nl/?url=upload.wikimedia.org/wikipedia/commons/9/9f/Fashion_runway5.jpg,https://commons.wikimedia.org/wiki/File:Fashion_runway5.jpg,Runway lighting and regional couture test.,Fashion; Runway; Haute couture; West African; Black model; Editorial; Reference
Fashion,Fashion,FSH-10,Runway design,Tokyo architectural street-couture runway,2048*2048,true,true,"low quality, distorted hands, extra limbs, unreadable text, logos, watermark, copied designer brand, anime style, unrealistic fabric","Photorealistic Tokyo fashion-week runway image, original architectural street-couture outfit. A Japanese model with sharp bob haircut walks under cool white runway lights wearing layered black technical satin, asymmetrical pleated skirt over slim trousers, translucent raincoat panels, and minimal silver accessories. Clean linear runway, photographers at the end slightly out of focus, realistic fabric opacity and reflections, 85mm editorial lens, no text, no logos.",https://images.weserv.nl/?url=upload.wikimedia.org/wikipedia/commons/thumb/b/b5/Fashion_Runway.jpg/1920px-Fashion_Runway.jpg,,https://images.weserv.nl/?url=upload.wikimedia.org/wikipedia/commons/thumb/b/b5/Fashion_Runway.jpg/1920px-Fashion_Runway.jpg,https://commons.wikimedia.org/wiki/File:Fashion_Runway.jpg,Tokyo-inspired fashion show production.,Fashion; Runway; Tokyo; Street couture; East Asian; Editorial; Reference
Fashion,Fashion,FSH-11,Runway design,Seoul minimalist red-carpet editorial,2048*2048,true,true,"low quality, distorted hands, extra limbs, readable text, Korean letters, sponsor wall, logos, watermark, copied celebrity, copied designer brand, fake skin","Photorealistic red-carpet fashion editorial for a Korean drama premiere, no real celebrities. A Korean actress model wearing an ivory satin column gown with a single sculptural shoulder fold, subtle pearl earrings, and low bun hairstyle. Use a plain warm gray step-and-repeat inspired backdrop with no words, no symbols, no sponsor marks, and no signage. Elegant posture, realistic satin highlights, natural skin texture, 70mm lens, soft camera flash reflections, no readable text, no logos.",,,,,Red-carpet + K-drama fashion market.,Fashion; Runway; Red carpet; Korean; Womenswear; Editorial; Satin
Fashion,Fashion,FSH-12,Runway design,Paris magazine-cover couture with multilingual masthead stress,2048*2048,true,true,"low quality, distorted face, distorted hands, extra limbs, unreadable text, logos, watermark, copied designer brand, misspelled large text, fake skin","Create a photorealistic high-fashion magazine cover style image, original fictional publication, Paris couture mood. A Black French model in a deep emerald velvet tailored gown stands against a limestone studio arch, sophisticated posture, natural skin texture, balanced editorial lighting, luxury styling. Add one clean fictional masthead at the top with exact readable text: MODE / STYLE / 风格 / スタイル. No real magazine names, no brand logos, no extra text.",,,,,Multilingual text auxiliary test with fictional masthead.,Fashion; Editorial; Magazine cover; Multilingual; French; Black model; Womenswear; Text test
Fashion,Fashion,FSH-13,Runway design,Mumbai couture bridal-look editorial,2048*2048,true,true,"low quality, distorted hands, extra limbs, unreadable text, logos, watermark, copied designer brand, cultural costume errors, fake jewelry","Photorealistic luxury fashion editorial inspired by contemporary Indian couture, not a wedding documentary and not copying any designer. A South Asian female model in a modern ruby and antique-gold lehenga silhouette with refined embroidery, sheer dupatta draped naturally, studio backdrop with warm sandstone tones. Accurate jewelry scale, realistic textile weight, graceful pose, editorial lighting, no logos, no text.",,,,,Indian couture and textile detail test.,Fashion; Editorial; South Asian; Indian couture; Womenswear; Jewelry; Textile detail
Fashion,Fashion,FSH-14,Modest luxury fashion,Middle Eastern abaya couture editorial,2048*2048,true,true,"low quality, distorted hands, extra limbs, unreadable text, logos, watermark, copied designer brand, inaccurate modest wear, fake skin","Photorealistic luxury modest-fashion editorial. A Middle Eastern woman wearing a contemporary black silk abaya with matte and glossy panel contrast, pearl-trimmed cuffs, and a soft beige hijab, standing in a modern gallery with warm stone and brushed metal surfaces. Elegant full-length pose, fabric opacity correct, no body-revealing errors, natural face and hands, commercial editorial lighting, no logos, no text.",,,,,Modest luxury fashion scenario.,Fashion; Editorial; Modest fashion; Middle Eastern; Womenswear; Abaya; Luxury
Fashion,Fashion,FSH-15,Luxury jewelry macro,Diamond ring campaign macro,2048*2048,true,true,"low quality, distorted gemstones, fake plastic metal, dust, scratches, unreadable text, logos, watermark, extra stones, melted prongs","Photorealistic luxury jewelry macro campaign image using the reference diamond ring as product inspiration. A platinum solitaire ring with a clear round diamond on a matte ivory stone surface, controlled black-card reflections, precise prongs, realistic sparkle without overdone starbursts, shallow depth of field, focus stacking feel, 100mm macro lens, premium catalog retouching, no text, no logos.",https://images.weserv.nl/?url=upload.wikimedia.org/wikipedia/commons/5/56/Diamond_ring_%28top_down_view%29_%282374464703%29.jpg,,https://images.weserv.nl/?url=upload.wikimedia.org/wikipedia/commons/5/56/Diamond_ring_%28top_down_view%29_%282374464703%29.jpg,https://commons.wikimedia.org/wiki/File:Diamond_ring_(top_down_view)_(2374464703).jpg,Jewelry macro production test.,Fashion; Jewelry; Luxury; Macro; Product; Ring; Reference
Fashion,Fashion,FSH-16,Luxury jewelry product,Gold necklace museum-to-campaign upgrade,2048*2048,true,true,"low quality, distorted necklace, fake metal, melted links, dust, scratches, unreadable text, logos, watermark, unrealistic reflections","Photorealistic high-end jewelry product image inspired by Greek gold fringe necklace museum pieces. Place a refined gold necklace on a warm charcoal velvet bust form, controlled side lighting, soft amber reflection, every link and pendant aligned naturally with gravity, premium jewelry catalog composition, accurate gold color, clean background, no text, no logos.",,,,https://commons.wikimedia.org/wiki/File:Gold_necklace_MET_DP336810.jpg,Gold necklace campaign test without model-side reference because remote source blocks image download.,Fashion; Jewelry; Luxury; Necklace; Product; Macro
Fashion,Fashion,FSH-17,Luxury accessory product,Leather handbag hero packshot,2048*2048,true,true,"low quality, distorted bag, warped handle, fake leather, unreadable text, logos, watermark, copied brand monogram, extra straps","Photorealistic luxury handbag product hero shot, original design with no brand marks. A structured cognac leather top-handle bag on a pale travertine plinth, three-quarter front view, precise stitching, natural leather grain, brushed gold hardware, soft rectangular studio highlights, subtle shadow, ample clean negative space for advertising crop, no text, no logos.",,,,,Accessory packshot for luxury image value.,Fashion; Accessories; Luxury; Handbag; Product; Packshot; Leather
Fashion,Fashion,FSH-18,Luxury accessory close-up,Silk scarf and sunglasses flat lay,2048*2048,true,true,"low quality, distorted glasses, fake silk, unreadable text, logos, watermark, copied brand pattern, harsh reflections","Photorealistic luxury accessory flat lay. A hand-rolled silk scarf with an original abstract teal, coral, and ivory pattern lies beside glossy black oval sunglasses and a small gold hair clip on brushed limestone. Top-down composition, controlled reflections on lenses, visible silk weave and rolled hem, premium editorial styling, no brand logos, no readable text.",,,,,Accessories and material close-up.,Fashion; Accessories; Luxury; Flat lay; Sunglasses; Silk scarf; Product
Fashion,Fashion,FSH-19,Footwear e-commerce,Sneaker multi-angle product board,2048*2048,true,true,"low quality, distorted shoes, mismatched pairs, unreadable text, logos, watermark, copied brand, impossible sole geometry","Create a photorealistic e-commerce footwear product board showing one original off-white and moss-green lifestyle sneaker in four clean views on a white background: side profile, 45-degree front, heel view, and sole detail. Consistent shoe design across all views, accurate laces, stitching, rubber sole texture, soft studio shadows, no text, no logos.",,,,,Footwear angle coverage test.,Fashion; Footwear; E-commerce; Product board; Multi-angle; Sneakers
Fashion,Fashion,FSH-20,Material swatch board,Fabric and trim sourcing board with multilingual labels,2048*2048,true,true,"low quality, messy layout, tiny unreadable labels, misspelled labels, extra labels, brand logos, watermark, fake fabric texture, cluttered desk","Photorealistic fashion production material board on a neutral worktable, arranged as a clean 2-by-3 grid of large swatch cards with generous spacing. Six swatches only: wool, denim, silk, leather, recycled nylon, metal zipper. Print one large crisp label below each swatch using these exact short labels: WOOL, DENIM, SILK, ??, ???, ???. Realistic textile texture, overhead camera, commercial design studio lighting, no brand logos, no extra words.",,,,,Production sourcing and multilingual label test.,Fashion; Production; Materials; Swatches; Multilingual; Textile; Design board; Text test
Fashion,Fashion,FSH-21,Lookbook campaign,Latin American resortwear lookbook,2048*2048,true,true,"low quality, distorted hands, fake skin, warped clothes, unreadable text, logos, watermark, copied designer brand","Photorealistic resortwear lookbook image for a Latin American coastal brand. An Afro-Latina model and a Latino male model walk along a white stucco terrace at golden hour, wearing airy linen separates in terracotta, cream, and sea-blue. Natural wind in fabric, authentic relaxed expressions, realistic skin tones, commercial lifestyle composition, 50mm lens, no logos, no text.",,,,,Regional lifestyle fashion campaign.,Fashion; Lookbook; Latin America; Resortwear; Multi-model; Lifestyle; Linen
Fashion,Fashion,FSH-22,Youth fashion campaign,Chinese Gen-Z city commute styling,2048*2048,true,true,"low quality, distorted hands, fake skin, warped clothes, unreadable text, logos, watermark, copied brand, cartoon style","Photorealistic Chinese Gen-Z city commute fashion campaign. Two young Chinese models on a Shanghai pedestrian overpass at blue hour, one wearing a cropped technical jacket with pleated skirt and sneakers, the other wearing a relaxed blazer with wide-leg trousers and crossbody bag. Neon reflections kept soft and realistic, candid street-fashion energy, sharp garment detail, no readable signs, no logos.",,,,,China youth fashion/location campaign.,Fashion; Lookbook; China; Gen-Z; Street style; Multi-model; Location
Fashion,Fashion,FSH-23,Plus-size eveningwear,Inclusive red-carpet gown look,2048*2048,true,true,"low quality, distorted hands, fake skin, unrealistic body proportions, warped dress, unreadable text, logos, watermark","Photorealistic inclusive red-carpet fashion portrait. A plus-size Indigenous North American woman with warm brown skin tone and long dark hair, wearing a midnight-blue velvet evening gown with elegant long sleeves and subtle beadwork inspired by geometric motifs, standing on a quiet red-carpet entrance. Natural confident pose, realistic fabric weight, respectful contemporary styling, soft flash lighting, no text, no logos.",,,,,Inclusive luxury eveningwear scenario.,Fashion; Red carpet; Plus-size; Indigenous; Womenswear; Eveningwear; Inclusive
Fashion,Fashion,FSH-24,Backstage production,Couture fitting room workflow,2048*2048,true,true,"low quality, distorted hands, extra fingers, fake skin, warped clothing, unreadable text, logos, watermark, chaotic layout","Photorealistic backstage couture fitting room workflow. A diverse small team of stylists and tailors adjust a structured silver gown on a tall dark-skinned model in front of mirrors and garment racks. Pins, measuring tape, muslin pattern pieces, and fabric bolts visible, but no readable brand names. Warm practical lights, candid documentary composition, realistic hands and fabric handling, production-environment credibility, no text.",,,,,Full-chain fashion production workflow image.,Fashion; Production; Backstage; Couture fitting; Workflow; Diverse team; Documentary
